{"min": [-0.723826, -0.228111, -0.960075], "max": [0.703293, 0.444572, 0.999066]}