{"min": [-0.293804, -0.929295, -0.335626], "max": [0.288103, 0.975112, 0.406799]}