{"min": [-0.398956, -0.391636, -0.534387], "max": [0.397878, 0.405198, 1.014327]}