{"min": [-0.640775, -0.698359, -0.939796], "max": [0.627274, 0.989279, 0.655954]}