{"min": [-0.575903, -0.664889, -0.601115], "max": [0.512308, 0.725432, 0.8515]}