{"min": [-0.443764, -0.750158, -0.441661], "max": [0.436518, 0.993963, 0.438621]}