{"min": [-0.730208, -0.609931, -0.325658], "max": [0.727451, 0.603949, 0.384102]}