{"min": [-0.843324, -0.46583, -0.298514], "max": [0.844636, 0.577387, 0.660787]}