{"min": [-0.411521, -0.630187, -0.8058], "max": [0.398004, 0.629074, 1.089436]}