{"min": [-0.966941, -0.369505, -0.367595], "max": [0.992556, 0.829638, 0.244161]}