{"min": [-0.552664, -0.834043, -0.447135], "max": [0.185417, 0.804606, 0.275492]}