{"min": [-0.576024, -0.51245, -0.469022], "max": [0.589266, 0.892644, 0.504699]}